<?xml version="1.0" encoding="UTF-8"?>

<neuroml xmlns=  "http://www.neuroml.org/schema/neuroml2" xmlns:xsi=  "http://www.w3.org/2001/XMLSchema-instance" xsi:schemaLocation = "http://www.neuroml.org/schema/neuroml2 https://raw.github.com/NeuroML/NeuroML2/master/Schemas/NeuroML2/NeuroML_v2beta.xsd" id = "ar">

    <notes>ChannelML file based on Traub et al. 2003</notes>

    <ionChannel id = "ar" conductance = "10pS" type = "ionChannelHH" species = "ar">

        <notes>ChannelML file based on Traub et al. 2003</notes>
                
        <annotation>
            <rdf:RDF xmlns:rdf=  "http://www.w3.org/1999/02/22-rdf-syntax-ns#">
                <rdf:Description rdf:about = "ar">
                    
                    <bqmodel:isDescribedBy xmlns:bqmodel=  "http://biomodels.net/model-qualifiers/">
                        <rdf:Bag>
                            <rdf:li>Roger D. Traub, Eberhard H. Buhl, Tengis Gloveli, and Miles A. Whittington
Fast Rhythmic Bursting Can Be Induced in Layer 2/3 Cortical Neurons by Enhancing Persistent Na+ Conductance or by Blocking BK Channels
J Neurophysiol 89: 909-921, 2003</rdf:li>
                            <rdf:li rdf:resource = "http://www.ncbi.nlm.nih.gov/entrez/query.fcgi?cmd=Retrieve&amp;db=pubmed&amp;dopt=Abstract&amp;list_uids=12574468"/>
                        </rdf:Bag>
                    </bqmodel:isDescribedBy>

                
                    <bqmodel:isDescribedBy xmlns:bqmodel=  "http://biomodels.net/model-qualifiers/">
                        <rdf:Bag>
                            <rdf:li>Roger D. Traub, Diego Contreras, Mark O. Cunningham, Hilary Murray, Fiona E. N. LeBeau, Anita Roopun, Andrea Bibbig, W. Bryan Wilent, Michael J. Higley, and Miles A. Whittington
Single-column thalamocortical network model exhibiting gamma oscillations, sleep spindles, and epileptogenic bursts.
J. Neurophysiol. 93, 2194-2232, 2005</rdf:li>
                            <rdf:li rdf:resource = "http://www.ncbi.nlm.nih.gov/pubmed/15525801?dopt=Abstract"/>
                        </rdf:Bag>
                    </bqmodel:isDescribedBy>

                </rdf:Description>
            </rdf:RDF>
        </annotation>

        <gate id = "m" type = "gateHHtauInf" instances = "1">
            <timeCourse type = "ar_m_tau_tau"/>
            <steadyState type = "HHSigmoidVariable" rate = "1" scale = "-5.5mV" midpoint = "-75mV"/>
        </gate>
                            
    </ionChannel>

    <ComponentType name = "ar_m_tau_tau" extends = "baseVoltageDepTime">
        <Constant name = "TIME_SCALE" dimension = "time" value = "1 ms"/>
        <Constant name = "VOLT_SCALE" dimension = "voltage" value = "1 mV"/>
        <Constant name = "m0" dimension = "none" value = "0">
                <!-- Note: this parameter should instead be defined only once within the ionChannel! -->
        </Constant>

        <Dynamics>
            <DerivedVariable name = "V" dimension = "none" value = "v / VOLT_SCALE"/>
            <DerivedVariable name = "t" exposure = "t" dimension = "time" value = "(1 /((exp (-14.6 - (0.086 * V) )) + (exp (-1.87 + (0.07 * V))))) * TIME_SCALE"/>
        </Dynamics>

    </ComponentType>

</neuroml>