<?xml version="1.0" encoding="UTF-8"?>

<neuroml xmlns=  "http://www.neuroml.org/schema/neuroml2" xmlns:xsi=  "http://www.w3.org/2001/XMLSchema-instance" xsi:schemaLocation = "http://www.neuroml.org/schema/neuroml2 https://raw.github.com/NeuroML/NeuroML2/master/Schemas/NeuroML2/NeuroML_v2beta.xsd" id = "kahp">

    <notes>ChannelML file based on Traub et al. 2003</notes>

    <ionChannel id = "kahp" conductance = "10pS" type = "ionChannelHH" species = "k">

        <notes>ChannelML file based on Traub et al. 2003</notes>
                
        <annotation>
            <rdf:RDF xmlns:rdf=  "http://www.w3.org/1999/02/22-rdf-syntax-ns#">
                <rdf:Description rdf:about = "kahp">
                    
                    <bqmodel:isDescribedBy xmlns:bqmodel=  "http://biomodels.net/model-qualifiers/">
                        <rdf:Bag>
                            <rdf:li>Roger D. Traub, Eberhard H. Buhl, Tengis Gloveli, and Miles A. Whittington                
Fast Rhythmic Bursting Can Be Induced in Layer 2/3 Cortical Neurons by Enhancing Persistent Na+ Conductance or by Blocking BK Channels
J Neurophysiol 89: 909-921, 2003</rdf:li>
                            <rdf:li rdf:resource = "http://www.ncbi.nlm.nih.gov/entrez/query.fcgi?cmd=Retrieve&amp;db=pubmed&amp;dopt=Abstract&amp;list_uids=12574468"/>
                        </rdf:Bag>
                    </bqmodel:isDescribedBy>

                
                    <bqmodel:isDescribedBy xmlns:bqmodel=  "http://biomodels.net/model-qualifiers/">
                        <rdf:Bag>
                            <rdf:li>Roger D. Traub, Diego Contreras, Mark O. Cunningham, Hilary Murray, Fiona E. N. LeBeau, Anita Roopun, Andrea Bibbig, W. Bryan Wilent, Michael J. Higley, and Miles A. Whittington
Single-column thalamocortical network model exhibiting gamma oscillations, sleep spindles, and epileptogenic bursts.
J. Neurophysiol. 93, 2194-2232, 2005</rdf:li>
                            <rdf:li rdf:resource = "http://www.ncbi.nlm.nih.gov/pubmed/15525801?dopt=Abstract"/>
                        </rdf:Bag>
                    </bqmodel:isDescribedBy>

                
                    <bqbiol:isVersionOf xmlns:bqbiol=  "http://biomodels.net/biology-qualifiers/">
                        <rdf:Bag>
                            <rdf:li>K channels</rdf:li>
                            <rdf:li rdf:resource = "http://senselab.med.yale.edu/senselab/NeuronDB/channelGene2.htm#table3"/>
                        </rdf:Bag>
                    </bqbiol:isVersionOf>

                </rdf:Description>
            </rdf:RDF>
        </annotation>

        <gate id = "m" type = "gateHHrates" instances = "1">
            <forwardRate type = "kahp_m_alpha_rate"/>
            <reverseRate type = "kahp_m_beta_rate"/>
        </gate>
                            
    </ionChannel>

    <ComponentType name = "kahp_m_alpha_rate" extends = "baseVoltageConcDepRate">
        <Constant name = "TIME_SCALE" dimension = "time" value = "1 ms"/>
        <Constant name = "VOLT_SCALE" dimension = "voltage" value = "1 mV"/>
        <Constant name = "CONC_SCALE" dimension = "concentration" value = "1 mol_per_cm3"/>

        <Dynamics>
            <DerivedVariable name = "V" dimension = "none" value = "v / VOLT_SCALE"/>
            <DerivedVariable name = "ca_conc" dimension = "none" value = "caConc / CONC_SCALE"/>
            <DerivedVariable name = "r" exposure = "r" dimension = "per_time" value = "( ca_conc/0.01 ) / TIME_SCALE" valueCondition = "ca_conc  .lt. ( 0.0001 )" valueIfFalse = "( 0.01) / TIME_SCALE"/>
        </Dynamics>

    </ComponentType>

    <ComponentType name = "kahp_m_beta_rate" extends = "baseVoltageConcDepRate">
        <Constant name = "TIME_SCALE" dimension = "time" value = "1 ms"/>
        <Constant name = "VOLT_SCALE" dimension = "voltage" value = "1 mV"/>
        <Constant name = "CONC_SCALE" dimension = "concentration" value = "1 mol_per_cm3"/>

        <Dynamics>
            <DerivedVariable name = "V" dimension = "none" value = "v / VOLT_SCALE"/>
            <DerivedVariable name = "ca_conc" dimension = "none" value = "caConc / CONC_SCALE"/>
            <DerivedVariable name = "r" exposure = "r" dimension = "per_time" value = "(0.01) / TIME_SCALE"/>
        </Dynamics>

    </ComponentType>

</neuroml>