<?xml version="1.0" encoding="UTF-8"?>

<channelml xmlns="http://morphml.org/channelml/schema"
    xmlns:xsi="http://www.w3.org/2001/XMLSchema-instance"
    xmlns:meta="http://morphml.org/metadata/schema"
    xsi:schemaLocation="http://morphml.org/channelml/schema  http://www.neuroml.org/NeuroMLValidator/NeuroMLFiles/Schemata/v1.8.1/Level2/ChannelML_v1.8.1.xsd"
    units="Physiological Units">

    <meta:notes>ChannelML file containing a single Channel description from Solinas et al 2007</meta:notes>
    
    <channel_type name="CaLVA_CML">

       <status value="stable">
            <meta:comment>30mV for table may be too low an upper limit (peak of AP can go above this).</meta:comment>
            <meta:contributor>
                <meta:name>Matteo Farinella</meta:name>
            </meta:contributor>
            <meta:contributor>
                <meta:name>Padraig Gleeson</meta:name>
            </meta:contributor>
        </status>
        
        <meta:notes>Low voltage Activated Ca2+ channel. Uses name ca2 for calcium ion</meta:notes>
    
        <meta:authorList>
             <meta:modelAuthor>
                <meta:name>Alain Destexhe</meta:name>
                <meta:comment>Cited implementer according to the original .mod file. Comments from that file:
:
:   Ca++ current responsible for low threshold spikes (LTS)
:   RETICULAR THALAMUS
:   Differential equations
:
:   Model of Huguenard and McCormick, J Neurophysiol 68: 1373-1383, 1992.
:   The kinetics is described by standard equations (NOT GHK)
:   using a m2h format, according to the voltage-clamp data
:   (whole cell patch clamp) of Huguenard and Prince, J Neurosci.
:   12: 3804-3817, 1992.  The model was introduced in Destexhe et al.
:   J. Neurophysiology 72: 803-818, 1994.
:   See http://www.cnl.salk.edu/~alain , http://cns.fmed.ulaval.ca
:
:    - Kinetics adapted to fit the T-channel of reticular neuron
:    - Q10 changed to 5 and 3
:    - Time constant tau_h fitted from experimental data
:    - shift parameter for screening charge
:
:   ACTIVATION FUNCTIONS FROM EXPERIMENTS (NO CORRECTION)
:
:   Reversal potential taken from Nernst Equation
:
:   Written by Alain Destexhe, Salk Institute, Sept 18, 1992
:</meta:comment>
            </meta:modelAuthor>


            <meta:modelTranslator>
                <meta:name>Matteo Farinella</meta:name>
                <meta:institution>UCL</meta:institution>    
                <meta:email>m.farinella - at - ucl.ac.uk</meta:email>
            </meta:modelTranslator>

        </meta:authorList>

         <meta:publication>
            <meta:fullTitle>Solinas S, Forti L, Cesana E, Mapelli J, De Schutter E, D'Angelo E. (2007) Computational reconstruction of pacemaking and intrinsic electroresponsiveness in cerebellar Golgi cells.  Front Cell Neurosci. 2007;1:2.</meta:fullTitle>
            <meta:pubmedRef>http://www.ncbi.nlm.nih.gov/pubmed/18946520</meta:pubmedRef>
        </meta:publication>

        <meta:neuronDBref>
            <meta:modelName>Ca channels</meta:modelName>
            <meta:uri>http://senselab.med.yale.edu/NeuronDB/ChannelGene2.htm#table1</meta:uri>
        </meta:neuronDBref>

        <meta:modelDBref>
            <meta:modelName>Cerebellar Golgi cell (Solinas et al. 2007a, 2007b)</meta:modelName>
            <meta:uri>http://senselab.med.yale.edu/modeldb/ShowModel.asp?model=112685</meta:uri>
        </meta:modelDBref>
        
        <current_voltage_relation cond_law="ohmic" ion="ca2" default_gmax="0.1" default_erev="132.458" charge="2">

             <q10_settings gate="m" q10_factor="5" experimental_temp="24"/>
             <q10_settings gate="h" q10_factor="3" experimental_temp="24"/>
            
            <gate name="m" instances="2">
            
                <closed_state id="m0"/>
                <open_state id="m"/>
                
                          <!--                
        shift   = 2
        v0_m_inf = -50 (mV)
	k_m_inf = -7.4 (mV)
	
	C_tau_m = 3
	A_tau_m = 1.0
	v0_tau_m1 = -25 (mV)
	v0_tau_m2 = -100 (mV)
	k_tau_m1 = 10 (mV)
	k_tau_m2 = -15 (mV)
	
        m_inf = 1.0 / ( 1 + exp((v + shift - v0_m_inf)/k_m_inf) )
               = 1.0 / ( 1 + exp((v + 2 - (-50))/-7.4 ) )
        tau_m = ( C_tau_m + A_tau_m / ( exp((v+shift - v0_tau_m1)/ k_tau_m1) + exp((v+shift - v0_tau_m2)/k_tau_m2) ) ) / phi_m
                = ( 3 + 1/ ( exp((v+2 - (-25))/ 10) + exp((v+2 - (-100))/-15) ) ) / phi_m      with     phi_m = 5.0 ^ ((celsius-24)/10)				    
                	-->

               <time_course name="tau" from="m0" to="m" expr_form="generic" expr="( 3 + 1 / ( (exp ((v+27)/ 10)) + (exp ((v+102)/(-15))) ) ) "/>

               <steady_state name="inf" from="m0" to="m" expr_form="sigmoid" rate="1" scale=" -7.4 " midpoint="-52"/>
                     
            </gate>
            
            <gate name="h" instances="1">
	                
		 <closed_state id="h0"/>
		 <open_state id="h"/>

             <!--


	shift   = 2   
        v0_h_inf = -78 (mV)
	k_h_inf = 5.0  (mv)
	
	C_tau_h = 85
	A_tau_h = 1.0
	v0_tau_h1 = -46 (mV)
	v0_tau_h2 = -405 (mV)
	k_tau_h1 = 4 (mV)
	k_tau_h2 = -50 (mV)

       h_inf = 1.0 / ( 1 + exp((v + shift - v0_h_inf)/k_h_inf) )
             = 1.0 / ( 1 + exp((v + 2 - (-78))/5) )

       tau_h = ( C_tau_h + A_tau_h / ( exp((v+shift - v0_tau_h1)/k_tau_h1) + exp((v+shift - v0_tau_h2)/k_tau_h2) ) ) / phi_h
              = ( 85 + 1 / ( exp((v+2 - (-46))/4) + exp((v+2 - (-405))/-50) ) ) / phi_h      with     phi_h = 3.0 ^ ((celsius-24)/10)

          -->
		
               <time_course name="tau" from="h0" to="h" expr_form="generic" expr="( 85+ 1/ ( (exp ((v+48)/4)) + (exp ((v+407)/(-50))) ) ) "/>

               <steady_state name="inf" from="h0" to="h" expr_form="sigmoid" rate="1" scale=" 5 " midpoint="-80"/>
		                 
         </gate>
        
        </current_voltage_relation> 
        
        <impl_prefs>
		<table_settings max_v="30" min_v="-100" table_divisions="13000"/>
	</impl_prefs>
        
        
    </channel_type>
</channelml>