<?xml version="1.0" encoding="UTF-8"?>

<channelml xmlns="http://morphml.org/channelml/schema"
    xmlns:xsi="http://www.w3.org/2001/XMLSchema-instance"
    xmlns:meta="http://morphml.org/metadata/schema"
    xsi:schemaLocation="http://morphml.org/channelml/schema  http://www.neuroml.org/NeuroMLValidator/NeuroMLFiles/Schemata/v1.8.1/Level2/ChannelML_v1.8.1.xsd"
    units="Physiological Units">

  <meta:notes>Internal calcium concentration due to calcium currents and pump from Solinas et al 2007</meta:notes>
    
    <ion name="ca" charge="2" role="SignallingSubstance">  
        <meta:notes>Signifies that the ion is involved in a process which alters its concentration</meta:notes>
    </ion>
    
    <ion_concentration name="Golgi_CALC_CML">
    
        <status value="stable">
            <meta:comment>Note: a slightly different method was used for calculating submembrane shell volume in the original paper.
            This calculated the volume of the shell as the surface area of the section times the thickness of the shell, which is approximately correct if the thickness is
            quite small. The NEURON mapping of this file calculates the volume exactly from the inner and outer volumes, hence the slight difference in the thickness here
            from the thickness in the original paper (0.2 um).</meta:comment>
            <meta:contributor>
                <meta:name>Matteo Farinella</meta:name>
            </meta:contributor>
            <meta:contributor>
                <meta:name>Padraig Gleeson</meta:name>
            </meta:contributor>
        </status>
        
        <meta:notes>Calcium first order kinetics   
   </meta:notes>
    
        <meta:authorList>
             <meta:modelAuthor>
                <meta:name>A.Fontana</meta:name>
            </meta:modelAuthor>

            <meta:modelTranslator>
                <meta:name>Matteo Farinella</meta:name>
                <meta:institution>UCL</meta:institution>    
                <meta:email>m.farinella - at - ucl.ac.uk</meta:email>
            </meta:modelTranslator>

            <meta:modelTranslator>
                <meta:name>Padraig Gleeson</meta:name>
                <meta:institution>UCL</meta:institution>
                <meta:email>p.gleeson - at - ucl.ac.uk</meta:email>
            </meta:modelTranslator>
            
        </meta:authorList>

         <meta:publication>
            <meta:fullTitle>Solinas S, Forti L, Cesana E, Mapelli J, De Schutter E, D'Angelo E. (2007) Computational reconstruction of pacemaking and intrinsic electroresponsiveness in cerebellar Golgi cells.  Front Cell Neurosci. 2007;1:2.</meta:fullTitle>
            <meta:pubmedRef>http://www.ncbi.nlm.nih.gov/pubmed/18946520</meta:pubmedRef>
        </meta:publication>

        <meta:modelDBref>
            <meta:modelName>Cerebellar Golgi cell (Solinas et al. 2007a, 2007b)</meta:modelName>
            <meta:uri>http://senselab.med.yale.edu/modeldb/ShowModel.asp?model=112685</meta:uri>
        </meta:modelDBref>


        <ion_species name="ca"/>

        <decaying_pool_model resting_conc ="5e-11" decay_constant="0.769231">

            <pool_volume_info shell_thickness = "2.0378e-5"/>
            
        </decaying_pool_model>
        
        
    </ion_concentration>
</channelml>