<?xml version="1.0" encoding="UTF-8"?>
<channelml xmlns="http://morphml.org/channelml/schema"
    xmlns:xsi="http://www.w3.org/2001/XMLSchema-instance"
    xmlns:meta="http://morphml.org/metadata/schema"
    xsi:schemaLocation="http://morphml.org/channelml/schema  http://www.neuroml.org/NeuroMLValidator/NeuroMLFiles/Schemata/v1.8.1/Level2/ChannelML_v1.8.1.xsd"
    units="SI Units">

    <meta:notes>ChannelML file describing a synaptic mechanism</meta:notes>


    <synapse_type name="AMPA_GranGol">

        <status value="stable">
            <meta:contributor>
                <meta:name>Padraig Gleeson</meta:name>
            </meta:contributor>
        </status>


        <meta:notes>AMPA synaptic mechanism from Granule cells to Golgi cells</meta:notes>


        <meta:authorList>
            <meta:modelAuthor>
                <meta:name>Maex, R.</meta:name>
            </meta:modelAuthor>
            <meta:modelAuthor>
                <meta:name>De Schutter, E.</meta:name>
            </meta:modelAuthor>
            <meta:modelTranslator>
                <meta:name>Padraig Gleeson</meta:name>
                <meta:institution>UCL</meta:institution>
                <meta:email>p.gleeson - at - ucl.ac.uk</meta:email>
            </meta:modelTranslator>
        </meta:authorList>


        <meta:publication>
           <meta:fullTitle>Maex, R and De Schutter, E.
           Synchronization of Golgi and Granule Cell Firing in a Detailed Network Model of the
           cerebellar Granule Cell Layer. J Neurophysiol, Nov 1998; 80: 2521 - 2537</meta:fullTitle>
           <meta:pubmedRef>http://www.ncbi.nlm.nih.gov/entrez/query.fcgi?cmd=Retrieve&amp;db=PubMed&amp;list_uids=9819260&amp;dopt=Abstract</meta:pubmedRef>
        </meta:publication>


        <meta:neuronDBref>
        <meta:modelName>Receptor properties</meta:modelName>
            <meta:uri>http://senselab.med.yale.edu/senselab/NeuronDB/receptors2.asp</meta:uri>
        </meta:neuronDBref>


        <doub_exp_syn max_conductance="1.137355e-9" rise_time="3e-5" decay_time="0.5e-3" reversal_potential="0"/>

    </synapse_type>



</channelml>