<?xml version="1.0" encoding="UTF-8"?>

<channelml xmlns="http://morphml.org/channelml/schema" 
    xmlns:xsi="http://www.w3.org/2001/XMLSchema-instance"
    xmlns:meta="http://morphml.org/metadata/schema"
    xsi:schemaLocation="http://morphml.org/channelml/schema  http://www.neuroml.org/NeuroMLValidator/NeuroMLFiles/Schemata/v1.8.1/Level2/ChannelML_v1.8.1.xsd"
    units="SI Units">
    
    <meta:notes>ChannelML file containing a single Channel description</meta:notes>


    <channel_type name="GolgiPassiveCond" density="yes">

        <status value="stable">
            <meta:contributor>
                <meta:name>Padraig Gleeson</meta:name>
            </meta:contributor>
        </status>

        <meta:notes>Passive Conductance on Golgi cell</meta:notes>
        
        <meta:publication>
          <meta:fullTitle>Maex, R and De Schutter, E. 
            Synchronization of Golgi and Granule Cell Firing in a Detailed Network Model of the 
            cerebellar Granule Cell Layer. J Neurophysiol, Nov 1998; 80: 2521 - 2537</meta:fullTitle>
          <meta:pubmedRef>http://www.ncbi.nlm.nih.gov/entrez/query.fcgi?cmd=Retrieve&amp;db=PubMed&amp;list_uids=9819260&amp;dopt=Abstract</meta:pubmedRef>
        </meta:publication>


        <current_voltage_relation cond_law="ohmic" ion="non_specific" default_gmax="0.33" default_erev="-0.055"/>
        

    </channel_type>
 
</channelml>