<?xml version="1.0" encoding="UTF-8"?>
<channelml xmlns="http://morphml.org/channelml/schema" 
    xmlns:xsi="http://www.w3.org/2001/XMLSchema-instance" 
    xmlns:meta="http://morphml.org/metadata/schema" 
    xsi:schemaLocation="http://morphml.org/channelml/schema   ../../Schemata/v1.6/Level2/ChannelML_v1.6.xsd" 
    units="SI Units">


    
    <ion name="ca" charge="2" role="SignallingSubstance">  
        <meta:notes>Signifies that the ion is involved in a process which alters its concentration</meta:notes>
    </ion>
    
    <ion_concentration name="cad">
        
        <status value="in_progress">
            <meta:comment>Due to different num integration method in orig mod a dt of 0.002 is needed for very close agreement</meta:comment>
            <meta:contributor>
                <meta:name>Padraig Gleeson</meta:name>
            </meta:contributor>
        </status>
    
        <meta:notes>An expontially decaying pool of calcium</meta:notes>
        
        <meta:authorList>
            <meta:modelAuthor>
                <meta:name>De Schutter, E.</meta:name>
            </meta:modelAuthor>
            <meta:modelAuthor>
                <meta:name>Bower, J.</meta:name>
            </meta:modelAuthor>
            <meta:modelTranslator>
                <meta:name>Padraig Gleeson</meta:name>
                <meta:institution>UCL</meta:institution>
                <meta:email>p.gleeson - at - ucl.ac.uk</meta:email>
            </meta:modelTranslator>
            <meta:modelTranslator>
                <meta:name>Jenny Davie</meta:name>
                <meta:institution>UCL</meta:institution>
                <meta:comment>Conversion of GENESIS model to NEURON</meta:comment>
            </meta:modelTranslator>
            <meta:modelTranslator>
                <meta:name>Arnd Roth</meta:name>
                <meta:institution>UCL</meta:institution>
                <meta:comment>Conversion of GENESIS model to NEURON</meta:comment>
            </meta:modelTranslator>
            <meta:modelTranslator>
                <meta:name>Volker Steuber</meta:name>
                <meta:institution>UCL</meta:institution>
                <meta:comment>Conversion of GENESIS model to NEURON</meta:comment>
            </meta:modelTranslator>
            <meta:modelTranslator>
                <meta:name>Michael Hausser</meta:name>
                <meta:institution>UCL</meta:institution>
                <meta:comment>Conversion of GENESIS model to NEURON</meta:comment>
            </meta:modelTranslator>

        </meta:authorList>

        <meta:publication>
            <meta:fullTitle>De Schutter, E., and Bower, J. M. (1994). An active membrane model of the cerebellar Purkinje cell. I. Simulation of current clamps in slice. J Neurophysiol 71, 375-400.</meta:fullTitle>
            <meta:pubmedRef>http://www.ncbi.nlm.nih.gov/entrez/query.fcgi?db=pubmed&amp;cmd=Retrieve&amp;dopt=AbstractPlus&amp;list_uids=7512629</meta:pubmedRef>
        </meta:publication>
        
        <ion_species>ca</ion_species>
        
        <decaying_pool_model>
            <resting_conc>4e-5</resting_conc>
            <decay_constant>1e-4</decay_constant>
            
            <fixed_pool_info>
                <phi>0.259083466</phi>  <!-- Fixed factor, rate of change of conc is Ca current *density* times this...
                                             Units: mA-1 cm2-->
            </fixed_pool_info>
            
            
        </decaying_pool_model>
        
        
    </ion_concentration>
</channelml>
