<Lems> 

    <Dimension name="voltage" m="1" l="2" t="-3" i="-1"/>
    <Dimension name="time" t="1"/>
    <Dimension name="per_time" t="-1"/>
    <Dimension name="conductance" m="-1" l="-2" t="3" i="2"/>
    <Dimension name="capacitance" m="-1" l="-2" t="4" i="2"/>
    <Dimension name="current" i="1"/>


    <Unit symbol="mV" dimension="voltage" powTen="-3"/> 
    <Unit symbol="ms" dimension="time" powTen="-3"/> 
    <Unit symbol="pS" dimension="conductance" powTen="-12"/>
    <Unit symbol="nS" dimension="conductance" powTen="-9"/>
    <Unit symbol="uF" dimension="capacitance" powTen="-6"/>
    <Unit symbol="nF" dimension="capacitance" powTen="-9"/>
    <Unit symbol="pF" dimension="capacitance" powTen="-12"/>
    <Unit symbol="per_ms" dimension="per_time" powTen="3"/>
    <Unit symbol="pA" dimension="current" powTen="-12"/>
    <Unit symbol="nA" dimension="current" powTen="-9"/>

</Lems>