<Lems>
  
<DefaultRun component="sim1"/> 
 
 
<Dimension name="voltage" m="1" l="2" t="-3" i="-1"/>

<Dimension name="time" t="1"/>

<Dimension name="per_time" t="-1"/>

<Dimension name="conductance" m="-1" l="-2" t="3" i="2"/>

<Dimension name="capacitance" m="-1" l="-2" t="4" i="2"/>

<Dimension name="current" i="1"/>



<ComponentType name="iaf1">
	<Parameter name="threshold" dimension="voltage"/>
	<Parameter name="refractoryPeriod" dimension="time"/>
	<Parameter name="capacitance" dimension="capacitance"/>
</ComponentType>


<Unit symbol="mV" dimension="voltage" powTen="-3"/> 
<Unit symbol="ms" dimension="time" powTen="-3"/> 
<Unit symbol="pS" dimension="conductance" powTen="-12"/>
<Unit symbol="nS" dimension="conductance" powTen="-9"/>
<Unit symbol="uF" dimension="capacitance" powTen="-6"/>
<Unit symbol="nF" dimension="capacitance" powTen="-9"/>
<Unit symbol="pF" dimension="capacitance" powTen="-12"/>
<Unit symbol="per_ms" dimension="per_time" powTen="3"/>
<Unit symbol="pA" dimension="current" powTen="-12"/>

<iaf1 id="celltype_a" threshold="-30 mV" refractoryPeriod="2 ms" capacitance="3uF"/> 
<!--  or -->
<Component id="ctb" type="iaf1" threshold="-30 mV" refractoryPeriod="2 ms" capacitance="1uF"/>
 
 
<ComponentType name="iaf2" extends="iaf1">
	<Fixed parameter="threshold" value="-45mV"/>
</ComponentType>

<ComponentType name="iaf3" extends="iaf1">
    <Parameter name="leakConductance" dimension="conductance"/>
    <Parameter name="leakReversal" dimension="voltage"/>
    <Parameter name="deltaV" dimension="voltage"/>

    <EventPort name="spikes-in" direction="in"/>
    <Exposure name="v" dimension="voltage"/>

    <Behavior>
       <StateVariable name="v" exposure="v" dimension="voltage"/>
       <TimeDerivative variable="v" value="leakConductance * (leakReversal - v) / capacitance"/>
             
       <OnEvent port="spikes-in">
            <StateAssignment variable="v" value="v + deltaV"/>
       </OnEvent>      
    </Behavior>

</ComponentType>



<ComponentType name="spikeGenerator">
    <Parameter name="period" dimension="time"/>
    <EventPort name="a" direction="out"/>
    <Exposure name="tsince" dimension="time"/>
    <Behavior>
        <StateVariable name="tsince" exposure="tsince" dimension="time"/>
        <TimeDerivative variable="tsince" value="1"/>
        <OnCondition test="tsince .gt. period">
            <StateAssignment variable="tsince" value="0"/>
            <EventOut port="a"/>
        </OnCondition>
    </Behavior>
</ComponentType>


<ComponentType name="spikeGenerator2" extends="spikeGenerator">
    <Behavior>
        <StateVariable name="tlast" dimension="time"/>
        <DerivedVariable name="tsince" exposure="tsince" value="t - tlast"/>
        <OnCondition test="t - tlast .gt. period">
            <StateAssignment variable="tlast" value="t"/>
            <EventOut port="a"/>
        </OnCondition>
    </Behavior>
</ComponentType>


 

<ComponentType name="HHRate">
    <Parameter name="rate" dimension="per_time"/>
    <Parameter name="midpoint" dimension="voltage"/>
    <Parameter name="scale" dimension="voltage"/>
    <Requirement name="v" dimension="voltage"/>
    <Exposure name="r" dimension="per_time"/>
    
    <Behavior>
         <DerivedVariable name="r" exposure="r" dimension="per_time"/>
    </Behavior>
</ComponentType>

<ComponentType name="HHExpRate" extends="HHRate">
    <Behavior>
        <DerivedVariable name="r" exposure="r" value="rate * exp((v - midpoint)/scale)"/>
    </Behavior>
</ComponentType>


<ComponentType name="HHSigmoidRate" extends="HHRate">
    <Behavior>
        <DerivedVariable name="r" exposure="r" value="rate / (1 + exp( -(v - midpoint)/scale))"/>
    </Behavior>
</ComponentType>

 <ComponentType name="HHExpLinearRate" extends="HHRate">
    <Behavior>
        <DerivedVariable name="x" value="(v - midpoint) / scale"/>
        <DerivedVariable name="r" exposure="r" value="rate * x / (1 - exp(-x))"/>
    </Behavior>
</ComponentType>
 


<ComponentType name="HHGate0">
    <Parameter name="power" dimension="none"/> 
    <Child name="Forward" type="HHRate"/>
    <Child name="Reverse" type="HHRate"/>
    <Requirement name="v" dimension="voltage"/>
    <Exposure name="fcond" dimension="none"/>
    
    <Behavior>
        <StateVariable name="q" dimension="none"/>
        <DerivedVariable dimension="per_time" name="rf" select="Forward/r"/>
        <DerivedVariable dimension="per_time" name="rr" select="Reverse/r"/> 
        <TimeDerivative variable="q" value="rf * (1 - q) - rr * q"/>
        <DerivedVariable name="fcond" exposure="fcond" value="q^power"/>
    </Behavior>
</ComponentType>


<ComponentType name="HHGate">
    <Parameter name="power" dimension="none"/> 
    <Child name="Forward" type="HHRate"/>
    <Child name="Reverse" type="HHRate"/>
    <Requirement name="v" dimension="voltage"/>
    <Exposure name="fcond" dimension="none"/>
    
   
    <Behavior>
        <StateVariable name="x" dimension="none"/>
        <DerivedVariable name="ex" dimension="none" value="exp(x)"/>
        <DerivedVariable name="q" dimension="none" value="ex / (1 + ex)"/>
        <DerivedVariable name="rf" dimension="per_time" select="Forward/r"/>
        <DerivedVariable name="rr" dimension="per_time" select="Reverse/r"/> 
        
        <TimeDerivative variable="x" value="(1 + ex)^2 / ex * (rf * (1 - q) - rr * q)"/>
      
        <DerivedVariable name="fcond" exposure="fcond" value="q^power"/>
    </Behavior>
</ComponentType>





<ComponentType name="HHChannel">
    <Parameter name="conductance" dimension="conductance"/>
    <Children name="gates" type="HHGate" min="0" max="4"/>
    <Exposure name="g" dimension="conductance"/>
    <Behavior>
        <DerivedVariable name="gatefeff" dimension="none" select="gates[*]/fcond" reduce="multiply"/>
        <DerivedVariable name="g" exposure="g" dimension="conductance" value="conductance * gatefeff"/>
    </Behavior>
</ComponentType>




<HHChannel id="na" conductance="20pS">
    <HHGate id="m" power="3">
        <Forward type="HHExpLinearRate" rate="1.per_ms" midpoint="-40mV" scale="10mV"/>
        <Reverse type="HHExpRate" rate="4per_ms" midpoint="-65mV" scale="-18mV"/>
    </HHGate>
    
    <HHGate id="h" power="1">
        <Forward type="HHExpRate" rate="0.07per_ms" midpoint="-65.mV" scale="-20.mV"/>
        <Reverse type="HHSigmoidRate" rate="1per_ms" midpoint="-35mV" scale="10mV"/>
    </HHGate>
</HHChannel>


<HHChannel id="k" conductance="20pS">
    <HHGate id="n" power="4">
        <Forward type="HHExpLinearRate" rate="0.1per_ms" midpoint="-55mV" scale="10mV"/>
        <Reverse type="HHExpRate" rate="0.125per_ms" midpoint="-65mV" scale="-80mV"/>
    </HHGate>
</HHChannel>



<ComponentType name="ChannelPopulation">
    <ComponentRef name="channel" type="HHChannel"/>
    <Parameter name="number" dimension="none"/>
    <Parameter name="erev" dimension="voltage"/>
    <Requirement name="v" dimension="voltage"/>
    <Exposure name="current" dimension="current"/>
   
    <Behavior>
        <Build>
            <ChildInstance component="channel"/>
        </Build>
        <DerivedVariable name="channelg" dimension="conductance" select="channel/g"/>
        <DerivedVariable name="geff" value="channelg * number"/>
        <DerivedVariable name="current" exposure="current" value="geff * (erev - v)"/>
    </Behavior>
</ComponentType>




<ComponentType name="HHCell">
    <Parameter name="capacitance" dimension="capacitance"/>
    <Children name="populations" type="ChannelPopulation"/>
    <Parameter name="injection" dimension="current"/>
    <Parameter name="v0" dimension="voltage"/>
    <Exposure name="v" dimension="voltage"/>
    <Behavior consolidate="true">
        <OnStart>
             <StateAssignment variable="v" value="v0"/>
        </OnStart>
  
         <DerivedVariable name="totcurrent" dimension="current" select="populations[*]/current" reduce="add"/>
        <StateVariable name="v" exposure="v" dimension="voltage"/> 
        <TimeDerivative variable="v" value="(totcurrent + injection) / capacitance"/>
    </Behavior>
</ComponentType>



<HHCell id="hhcell_1" capacitance="1pF" injection="4pA" v0="-60mV">
    <ChannelPopulation channel="na" number="6000" erev="50mV"/>
    <ChannelPopulation channel="k" number="1800" erev="-77mV"/>
</HHCell>


<Component id="celltype_c" type="iaf3" leakConductance="3 pS" refractoryPeriod="3 ms" threshold="45 mV"
leakReversal="-50 mV" deltaV="5mV" capacitance="1uF"/>
 

<Component id="celltype_d" extends="celltype_c" leakConductance="5 pS"/>

<Component id="gen1" type="spikeGenerator" period="30ms"/>

<Component id="gen2" type="spikeGenerator2" period="32ms"/>

<Component id="iaf3cpt" type="iaf3" leakReversal="-50mV" deltaV="50mV" threshold="-30mV" leakConductance="50pS"
refractoryPeriod="4ms" capacitance="1pF"/>


<Include file="SimpleNetwork.xml"/>


<Network id="net1">
    <Population id="p1" component="gen1" size="1"/>
    <Population id="p2" component="gen2" size="1"/>
    <Population id="p3" component="iaf3cpt" size="1"/>
   
    <Population id="hhpop" component="hhcell_1" size="1"/>
    
   
    <EventConnectivity id="p1-p3" source="p1" target="p3">
        <Connections type="AllAll"/>
    </EventConnectivity>
</Network>




<Include file="SimpleSimulation.xml"/>

<Simulation id="sim1" length="80ms" step="0.05ms" target="net1">
    <Display id="d0" timeScale="1ms" title="Example 1: Dimensions, Units, ComponentTypes and Components">
        <Line id="tsince" quantity="p1[0]/tsince" scale="1ms" color="#00c000" save="tsince.dat"/>
        <Line id="p3v" quantity="p3[0]/v" scale="1mV" color="#0000f0" save="p3v.dat"/>
        <Line id="p0v" quantity="hhpop[0]/v" scale="1mV" color="#ff4040" save="p0v.dat"/>
    </Display>
</Simulation>


</Lems>