<Lems>
 
<DefaultRun component="sim1"/> 
 
 
 
<Include file="ex2dims.xml"/>

<Include file="spikegenerators.xml"/>

<Include file="misciaf.xml"/>

<Include file="SimpleSimulation.xml"/>

 

 
<Component id="gen1" type="spikeGenerator" period="30ms"/>

<Component id="gen2" type="spikeGenerator2" period="32ms"/>

<Component id="iaf3cpt" type="iaf3" leakReversal="-50mV" deltaV="50mV" threshold="-30mV" leakConductance="50pS"
refractoryPeriod="4ms" capacitance="1pF"/>


<ComponentType name="Network">
    <Children name="populations" type="Population"/>
    <Children name="connectivities" type="EventConnectivity"/>
</ComponentType>


<ComponentType name="Population">
    <ComponentRef name="component" type="Component"/>
    <Parameter name="size" dimension="none"/>
    <Behavior>
        <Build>
            <MultiInstantiate number="size" component="component"/>
        </Build>
    </Behavior>
</ComponentType>



<ComponentType name="EventConnectivity">
    <Link name="source" type="Population"/>
    <Link name="target" type="Population"/>
    <Child name="Connections" type="ConnectionPattern"/>
</ComponentType>

<ComponentType name="ConnectionPattern">
</ComponentType>


<ComponentType name="AllAll" extends="ConnectionPattern">
    <Behavior>
        <Build>
            <ForEach instances="../source" as="a">
                 <ForEach instances="../target" as="b">
                      <EventConnection from="a" to="b"/>
                 </ForEach>
            </ForEach>    
        </Build>
    </Behavior>
</ComponentType>



<Network id="net1">
    <Population id="p1" component="gen1" size="2"/>
    <Population id="p3" component="iaf3cpt" size="3"/>
     
    <EventConnectivity id="p1-p3" source="p1" target="p3">
        <Connections type="AllAll"/>
    </EventConnectivity>
</Network>


<Simulation id="sim1" length="80ms" step="0.05ms" target="net1">
    <Display timeScale="1ms" title = "Example 7: User defined types for networks and populations">
        <Line id="gen_v" quantity="p3[0]/v" scale="1mV" color="#0000f0"/>
        <Line id="gen_tsince" quantity="p1[0]/tsince" scale="1ms" color="#00c000"/>
    </Display>
</Simulation>


</Lems>