<Lems>
 
<DefaultRun component="sim1"/> 
 
 
 
<Include file="ex2dims.xml"/>
<Include file="hhchannel.xml"/> 
 

<Include file="hhcell.xml"/>
<Include file="spikegenerators.xml"/>
<Include file="hhmodels.xml"/>
<Include file="misciaf.xml"/>


<HHCell id="hhcell_1" capacitance="1pF" injection="4pA" v0="-60mV">
    <ChannelPopulation id="NaPop" channel="na" number="6000" erev="50mV"/>
    <ChannelPopulation id="KPop" channel="k" number="1800" erev="-77mV"/>
</HHCell>
 
<Component id="gen1" type="spikeGenerator" period="30ms"/>

<Component id="gen2" type="spikeGenerator2" period="32ms"/>

<Component id="iaf3cpt" type="iaf3" leakReversal="-50mV" deltaV="50mV" threshold="-30mV" leakConductance="50pS"
refractoryPeriod="4ms" capacitance="1pF"/>





<ComponentType name="Display">
    <Parameter name="timeScale" Dimension="time"/>
    <Children name="lines" type="Line"/>
    <Text name="title"/>  <!-- attribute to hold title of window -->
    <Behavior>
         <Show src="lines" scale="timeScale"/>
    </Behavior>
</ComponentType>

<ComponentType name="Line">
    <Parameter name="scale" Dimension="*"/>
    <Text name="color"/>
    <Path name="quantity"/>
    <Behavior>
        <Record quantity="quantity" scale="scale" color="color"/>
    </Behavior>
</ComponentType>


<ComponentType name="Simulation">
    <Parameter name="length" dimension="time"/>
    <Parameter name="step" dimension="time"/>
    <ComponentRef name="target" type="HHCell"/>
    <Children name="displays" type="Display"/>
    <Behavior>
        <StateVariable name="t" dimension="time"/>
        <Run component="target" variable="t" increment="step" total="length"/>
        <Show src="displays"/>
    </Behavior>
</ComponentType>

 



<Simulation id="sim1" length="80ms" step="0.05ms" target="hhcell_1">
    <Display timeScale="1ms" title="Example 6: User defined types for simulation and display">
        <Line id="V" quantity="v" scale="1mV" color="#0000f0"/>
         
        <Line id="Na_q" quantity="NaPop/geff" scale="1nS" color="#f00000"/>
        <Line id="K_q" quantity="KPop/geff" scale="1nS" color="#00f000"/>
         
    </Display>
</Simulation>


</Lems>