<Lems>


<Dimension name="voltage" m="1" l="2" t="-3" i="-1"/>
<Dimension name="time" t="1"/>
<Dimension name="per_time" t="-1"/>
<Dimension name="conductance" m="-1" l="-2" t="3" i="2"/>
<Dimension name="capacitance" m="-1" l="-2" t="4" i="2"/>
<Dimension name="current" i="1"/>

 
<ComponentType name="HHRate">
    <Parameter name="rate" dimension="per_time"/>
    <Parameter name="midpoint" dimension="voltage"/>
    <Parameter name="scale" dimension="voltage"/>
    <Requirement name="v" dimension="voltage"/>
    <Exposure name="r" dimension="per_time"/>
</ComponentType>

<ComponentType name="HHExpRate" extends="HHRate">
    <Behavior>
        <DerivedVariable name="r" exposure="r" value="rate * exp((v - midpoint)/scale)"/>
    </Behavior>
</ComponentType>


<ComponentType name="HHSigmoidRate" extends="HHRate">
    <Behavior>
        <DerivedVariable name="r" exposure="r" value="rate / (1 + exp( -(v - midpoint)/scale))"/>
    </Behavior>
</ComponentType>

 <ComponentType name="HHExpLinearRate" extends="HHRate">
    <Behavior>
        <DerivedVariable name="x" value="(v - midpoint) / scale"/>
        <DerivedVariable name="r" exposure="r" value="rate * x / (1 - exp(-x))"/>
    </Behavior>
</ComponentType>
 


<ComponentType name="HHGate0">
    <Parameter name="power" dimension="none"/> 
    <Child name="Forward" type="HHRate"/>
    <Child name="Reverse" type="HHRate"/>
    <Requirement name="v" dimension="voltage"/>
    <Exposure name="fcond" dimension="none"/>
    
    <Behavior>
        <StateVariable name="q" dimension="none"/>
        <DerivedVariable dimension="per_time" name="rf" select="Forward/r"/>
        <DerivedVariable dimension="per_time" name="rr" select="Reverse/r"/> 
        <TimeDerivative variable="q" value="rf * (1 - q) - rr * q"/>
        <DerivedVariable name="fcond" exposure="fcond" value="q^power"/>
    </Behavior>    
</ComponentType>

<Include file="hhaltgate.xml"/>





<ComponentType name="HHChannel">
    <Parameter name="conductance" dimension="conductance"/>
    <Children name="gates" type="HHGate" min="0" max="4"/>
    <Exposure name="g" dimension="conductance"/>
    <Behavior>
        <DerivedVariable name="gatefeff" dimension="none" select="gates[*]/fcond" reduce="multiply"/>
        <DerivedVariable name="g" exposure="g" dimension="conductance" value="conductance * gatefeff"/>
    </Behavior>
</ComponentType>

 

</Lems>

