<Lems>

<Include file="HH_Environment.xml"/>
<Include file="HH_Channel.xml"/>


<Dimension name="voltage" m="1" l="2" t="-3" i="-1"/>
<Dimension name="capacitance" m="-1" l="-2" t="4" i="2"/>
<Dimension name="current" i="1"/>



<ComponentType name="ChannelPopulation">
    <ComponentRef name="channel" type="HHChannel"/>
    <Parameter name="number" dimension="none"/>
    
    <Requirement name="v" dimension="voltage"/>
    <Exposure name="current" dimension="current"/> 
     <Exposure name="geff" dimension="conductance"/>
     
    <DerivedParameter name="erev" dimension="voltage" select="//MembranePotential[species=channel/species]/reversal"/>
    <!--  this requires that whenever this component type is used, there must be a component
          of type MembranePotential with a matching species somewhere in the component hierarchy  -->
    
    <Behavior>
        <DerivedVariable name="channelg" dimension="conductance" select="channel/g"/>
        <DerivedVariable name="geff" exposure="geff" value="channelg * number"/>
        <DerivedVariable name="current" exposure="current" value="geff * (erev - v)"/>
    </Behavior>    
</ComponentType>




<ComponentType name="HHCell">
    <Parameter name="capacitance" dimension="capacitance"/>
    <Children name="populations" type="ChannelPopulation"/>
    <Parameter name="injection" dimension="current"/>
    <Parameter name="v0" dimension="voltage"/>
    <Exposure name="v" dimension="voltage"/>
    <Behavior>
        <OnStart>
             <StateAssignment variable="v" value="v0"/>
        </OnStart>
  
         <DerivedVariable name="totcurrent" dimension="current" select="populations[*]/current" reduce="add"/>
        <StateVariable name="v" exposure="v" dimension="voltage"/> 
        <TimeDerivative variable="v" value="(totcurrent + injection) / capacitance"/>
    </Behavior>
</ComponentType>

</Lems>