<Lems>
 
<ComponentType name="HHGate">
    <Parameter name="power" dimension="none"/> 
    <Child name="Forward" type="HHRate"/>
    <Child name="Reverse" type="HHRate"/>
    <Requirement name="v" dimension="voltage"/>
    <Exposure name="fcond" dimension="none"/>
    
   
    <Behavior>
        <StateVariable name="x" dimension="none"/>
        <DerivedVariable name="ex" dimension="none" value="exp(x)"/>
        <DerivedVariable name="q" dimension="none" value="ex / (1 + ex)"/>
        <DerivedVariable name="rf" dimension="per_time" select="Forward/r"/>
        <DerivedVariable name="rr" dimension="per_time" select="Reverse/r"/> 
        
        <TimeDerivative variable="x" value="(1 + ex)^2 / ex * (rf * (1 - q) - rr * q)"/>
      
        <DerivedVariable name="fcond" exposure="fcond" value="q^power"/>
    </Behavior>    
</ComponentType>

</Lems>