<Lems>
<ComponentType name="Network">
    <Children name="populations" type="Population"/>
    <Children name="connectivities" type="EventConnectivity"/>
</ComponentType>


<ComponentType name="Population">
    <ComponentRef name="component" type="Component"/>
    <Parameter name="size" dimension="none"/>
    <Behavior>
        <Build>
            <MultiInstantiate number="size" component="component"/>
        </Build>
    </Behavior>
</ComponentType>



<ComponentType name="EventConnectivity">
    <Link name="source" type="Population"/>
    <Link name="target" type="Population"/>
    <Child name="Connections" type="ConnectionPattern"/>
</ComponentType>

<ComponentType name="ConnectionPattern">
</ComponentType>


<ComponentType name="AllAll" extends="ConnectionPattern">
    <Behavior>
        <Build>
            <ForEach instances="../source" as="a">
                 <ForEach instances="../target" as="b">
                      <EventConnection from="a" to="b"/>
                 </ForEach>
            </ForEach>    
        </Build>
    </Behavior>
</ComponentType>

</Lems>
