<Lems>

<Dimension name="voltage" m="1" l="2" t="-3" i="-1"/>
<Dimension name="time" t="1"/>
<Dimension name="per_time" t="-1"/>
<Dimension name="conductance" m="-1" l="-2" t="3" i="2"/>
<Dimension name="capacitance" m="-1" l="-2" t="4" i="2"/>
<Dimension name="current" i="1"/>

<Unit symbol="s" dimension="time" powTen="0"/> 
<Unit symbol="mV" dimension="voltage" powTen="-3"/> 
<Unit symbol="ms" dimension="time" powTen="-3"/> 




<ComponentClass name="izhikevichCellNew">

    <Parameter name="a" dimension="none"/>
    <Parameter name="c" dimension="none"/>
    <Parameter name="b" dimension='none'/>
    <Parameter name="d" dimension='none'/>
    <Parameter name="theta" dimension='none'/>

	<!--  just a temporary fix to get some input without a network -->
	<Parameter name="iSteady" dimension="none"/>

    <AnalogPort name="iSyn" mode='reduce' reduce_op='+' dimension='none'/>

    
    
    <AnalogPort name="U" mode="send" dimension='none'/>
    <AnalogPort name="V" mode="send" dimension='none'/>
    <EventPort name="spikeOutput" mode="send"/>

    <Constant name="MSEC" dimension="time" value="1ms"/>

    <Dynamics>

        <StateVariable name="V" dimension="none"/>
        <StateVariable name="U" dimension="none"/>

        <Alias name='rv' dimension='none'>
            <MathInline>V*U</MathInline>
        </Alias>


        <Regime name="subthresholdRegime">
 

          <TimeDerivative variable="U">
            <MathInline>a*(b*V - U) / MSEC</MathInline>
          </TimeDerivative>

          <TimeDerivative variable="V">
            <MathInline>(0.04*V*V + 5*V + 140.0 - U + iSyn + iSteady) / MSEC</MathInline>
          </TimeDerivative>


          <OnCondition>
            <Trigger>
              <MathInline>V &gt; theta</MathInline>
            </Trigger>

            <StateAssignment variable="V" >
              <MathInline>c</MathInline>
            </StateAssignment>

            <StateAssignment variable="U" >
              <MathInline>U+d</MathInline>
            </StateAssignment>

            <EventOut port="spikeOutput" />

          </OnCondition>


        </Regime>
 
    
    </Dynamics>

  </ComponentClass>
  
  
   


<Component class="izhikevichCellNew" id="izBurst" v0 = "-0.07" theta = "0.03" a ="0.02" b = "0.2" c = "-50.0" d = "2" iSteady="21"/>
 
  
  
  </Lems>